{
    "avSettings": {
        "features": [
            {
                "enabled": false, 
                "name": "SIGNATURE_UPDATE"
            }, 
            {
                "enabled": false, 
                "name": "ONACCESS_SCAN"
            }, 
            {
                "enabled": true, 
                "name": "ONDEMOND_SCAN"
            }
        ], 
        "onAccessScan": {
            "profile": "NORMAL"
        }, 
        "onDemandScan": {
            "profile": "NORMAL", 
            "scanCdDvd": "AUTOSCAN", 
            "scanUsb": "AUTOSCAN", 
            "schedule": {
                "days": null, 
                "rangeHours": 0, 
                "recoveryScanIfMissed": true, 
                "startHour": 0
            }
        }, 
        "settings": null, 
        "signatureUpdate": {
            "schedule": {
                "fullIntervalHours": 0, 
                "initialRandomDelayHours": 4, 
                "intervalHours": 4
            }
        }, 
        "updateServers": {
            "servers": [
                {
                    "flags": 0, 
                    "regId": null, 
                    "server": [
                        "http://updates.cdc.carbonblack.io/update"
                    ]
                }
            ], 
            "serversForOffSiteDevices": [
                "http://updates.cdc.carbonblack.io/update"
            ], 
            "serversOverride": [], 
            "useServersOverride": false
        }
    }, 
    "directoryActionRules": [], 
    "id": -1, 
    "maxRuleId": 151, 
    "mobileSensorSettings": null, 
    "phishingSettings": null, 
    "rules": [
        {
            "action": "TERMINATE", 
            "application": {
                "type": "REPUTATION", 
                "value": "KNOWN_MALWARE"
            }, 
            "id": 1, 
            "operation": "RUN", 
            "required": false
        }, 
        {
            "action": "DENY", 
            "application": {
                "type": "REPUTATION", 
                "value": "COMPANY_BLACK_LIST"
            }, 
            "id": 2, 
            "operation": "RUN", 
            "required": false
        }, 
        {
            "action": "TERMINATE", 
            "application": {
                "type": "REPUTATION", 
                "value": "SUSPECT_MALWARE"
            }, 
            "id": 3, 
            "operation": "RUN", 
            "required": false
        }, 
        {
            "action": "TERMINATE", 
            "application": {
                "type": "REPUTATION", 
                "value": "PUP"
            }, 
            "id": 4, 
            "operation": "RUN", 
            "required": false
        }, 
        {
            "action": "TERMINATE", 
            "application": {
                "type": "REPUTATION", 
                "value": "RESOLVING"
            }, 
            "id": 5, 
            "operation": "MEMORY_SCRAPE", 
            "required": false
        }, 
        {
            "action": "TERMINATE", 
            "application": {
                "type": "REPUTATION", 
                "value": "RESOLVING"
            }, 
            "id": 6, 
            "operation": "CODE_INJECTION", 
            "required": false
        }, 
        {
            "action": "TERMINATE", 
            "application": {
                "type": "REPUTATION", 
                "value": "RESOLVING"
            }, 
            "id": 7, 
            "operation": "NETWORK", 
            "required": false
        }, 
        {
            "action": "TERMINATE", 
            "application": {
                "type": "REPUTATION", 
                "value": "RESOLVING"
            }, 
            "id": 8, 
            "operation": "RUN_INMEMORY_CODE", 
            "required": false
        }, 
        {
            "action": "TERMINATE", 
            "application": {
                "type": "REPUTATION", 
                "value": "RESOLVING"
            }, 
            "id": 10, 
            "operation": "POL_INVOKE_NOT_TRUSTED", 
            "required": false
        }, 
        {
            "action": "TERMINATE", 
            "application": {
                "type": "REPUTATION", 
                "value": "ADAPTIVE_WHITE_LIST"
            }, 
            "id": 11, 
            "operation": "MEMORY_SCRAPE", 
            "required": false
        }, 
        {
            "action": "TERMINATE", 
            "application": {
                "type": "REPUTATION", 
                "value": "ADAPTIVE_WHITE_LIST"
            }, 
            "id": 12, 
            "operation": "CODE_INJECTION", 
            "required": false
        }, 
        {
            "action": "TERMINATE", 
            "application": {
                "type": "REPUTATION", 
                "value": "ADAPTIVE_WHITE_LIST"
            }, 
            "id": 13, 
            "operation": "POL_INVOKE_NOT_TRUSTED", 
            "required": false
        }, 
        {
            "action": "TERMINATE", 
            "application": {
                "type": "REPUTATION", 
                "value": "ADAPTIVE_WHITE_LIST"
            }, 
            "id": 14, 
            "operation": "NETWORK", 
            "required": false
        }, 
        {
            "action": "TERMINATE", 
            "application": {
                "type": "REPUTATION", 
                "value": "ADAPTIVE_WHITE_LIST"
            }, 
            "id": 15, 
            "operation": "RUN_INMEMORY_CODE", 
            "required": false
        }, 
        {
            "action": "TERMINATE", 
            "application": {
                "type": "NAME_PATH", 
                "value": "**\\*.hta"
            }, 
            "id": 17, 
            "operation": "NETWORK", 
            "required": false
        }, 
        {
            "action": "TERMINATE", 
            "application": {
                "type": "NAME_PATH", 
                "value": "**\\*.hta"
            }, 
            "id": 18, 
            "operation": "RUN_INMEMORY_CODE", 
            "required": false
        }, 
        {
            "action": "TERMINATE", 
            "application": {
                "type": "NAME_PATH", 
                "value": "**\\*.hta"
            }, 
            "id": 20, 
            "operation": "CODE_INJECTION", 
            "required": false
        }, 
        {
            "action": "TERMINATE", 
            "application": {
                "type": "NAME_PATH", 
                "value": "**\\*.hta"
            }, 
            "id": 21, 
            "operation": "POL_INVOKE_NOT_TRUSTED", 
            "required": false
        }, 
        {
            "action": "TERMINATE", 
            "application": {
                "type": "NAME_PATH", 
                "value": "**\\*.hta"
            }, 
            "id": 22, 
            "operation": "MEMORY_SCRAPE", 
            "required": false
        }, 
        {
            "action": "TERMINATE", 
            "application": {
                "type": "NAME_PATH", 
                "value": "**\\*.js"
            }, 
            "id": 23, 
            "operation": "NETWORK", 
            "required": false
        }, 
        {
            "action": "TERMINATE", 
            "application": {
                "type": "NAME_PATH", 
                "value": "**\\*.js"
            }, 
            "id": 24, 
            "operation": "RUN_INMEMORY_CODE", 
            "required": false
        }, 
        {
            "action": "TERMINATE", 
            "application": {
                "type": "NAME_PATH", 
                "value": "**\\*.js"
            }, 
            "id": 26, 
            "operation": "CODE_INJECTION", 
            "required": false
        }, 
        {
            "action": "TERMINATE", 
            "application": {
                "type": "NAME_PATH", 
                "value": "**\\*.js"
            }, 
            "id": 27, 
            "operation": "POL_INVOKE_NOT_TRUSTED", 
            "required": false
        }, 
        {
            "action": "TERMINATE", 
            "application": {
                "type": "NAME_PATH", 
                "value": "**\\*.js"
            }, 
            "id": 28, 
            "operation": "MEMORY_SCRAPE", 
            "required": false
        }, 
        {
            "action": "TERMINATE", 
            "application": {
                "type": "NAME_PATH", 
                "value": "**\\*.pdf"
            }, 
            "id": 29, 
            "operation": "NETWORK", 
            "required": false
        }, 
        {
            "action": "TERMINATE", 
            "application": {
                "type": "NAME_PATH", 
                "value": "**\\*.pdf"
            }, 
            "id": 30, 
            "operation": "RUN_INMEMORY_CODE", 
            "required": false
        }, 
        {
            "action": "TERMINATE", 
            "application": {
                "type": "NAME_PATH", 
                "value": "**\\*.pdf"
            }, 
            "id": 32, 
            "operation": "CODE_INJECTION", 
            "required": false
        }, 
        {
            "action": "TERMINATE", 
            "application": {
                "type": "NAME_PATH", 
                "value": "**\\*.pdf"
            }, 
            "id": 33, 
            "operation": "POL_INVOKE_NOT_TRUSTED", 
            "required": false
        }, 
        {
            "action": "TERMINATE", 
            "application": {
                "type": "NAME_PATH", 
                "value": "**\\*.pdf"
            }, 
            "id": 34, 
            "operation": "MEMORY_SCRAPE", 
            "required": false
        }, 
        {
            "action": "TERMINATE", 
            "application": {
                "type": "NAME_PATH", 
                "value": "**\\*.rsp"
            }, 
            "id": 35, 
            "operation": "NETWORK", 
            "required": false
        }, 
        {
            "action": "TERMINATE", 
            "application": {
                "type": "NAME_PATH", 
                "value": "**\\*.rsp"
            }, 
            "id": 36, 
            "operation": "RUN_INMEMORY_CODE", 
            "required": false
        }, 
        {
            "action": "TERMINATE", 
            "application": {
                "type": "NAME_PATH", 
                "value": "**\\*.rsp"
            }, 
            "id": 38, 
            "operation": "CODE_INJECTION", 
            "required": false
        }, 
        {
            "action": "TERMINATE", 
            "application": {
                "type": "NAME_PATH", 
                "value": "**\\*.rsp"
            }, 
            "id": 39, 
            "operation": "POL_INVOKE_NOT_TRUSTED", 
            "required": false
        }, 
        {
            "action": "TERMINATE", 
            "application": {
                "type": "NAME_PATH", 
                "value": "**\\*.rsp"
            }, 
            "id": 40, 
            "operation": "MEMORY_SCRAPE", 
            "required": false
        }, 
        {
            "action": "TERMINATE", 
            "application": {
                "type": "NAME_PATH", 
                "value": "**\\**flash**"
            }, 
            "id": 41, 
            "operation": "NETWORK", 
            "required": false
        }, 
        {
            "action": "TERMINATE", 
            "application": {
                "type": "NAME_PATH", 
                "value": "**\\**flash**"
            }, 
            "id": 42, 
            "operation": "RUN_INMEMORY_CODE", 
            "required": false
        }, 
        {
            "action": "TERMINATE", 
            "application": {
                "type": "NAME_PATH", 
                "value": "**\\**flash**"
            }, 
            "id": 44, 
            "operation": "CODE_INJECTION", 
            "required": false
        }, 
        {
            "action": "TERMINATE", 
            "application": {
                "type": "NAME_PATH", 
                "value": "**\\**flash**"
            }, 
            "id": 45, 
            "operation": "POL_INVOKE_NOT_TRUSTED", 
            "required": false
        }, 
        {
            "action": "TERMINATE", 
            "application": {
                "type": "NAME_PATH", 
                "value": "**\\**flash**"
            }, 
            "id": 46, 
            "operation": "MEMORY_SCRAPE", 
            "required": false
        }, 
        {
            "action": "TERMINATE", 
            "application": {
                "type": "NAME_PATH", 
                "value": "**\\acro*.exe"
            }, 
            "id": 47, 
            "operation": "NETWORK", 
            "required": false
        }, 
        {
            "action": "TERMINATE", 
            "application": {
                "type": "NAME_PATH", 
                "value": "**\\acro*.exe"
            }, 
            "id": 48, 
            "operation": "RUN_INMEMORY_CODE", 
            "required": false
        }, 
        {
            "action": "TERMINATE", 
            "application": {
                "type": "NAME_PATH", 
                "value": "**\\acro*.exe"
            }, 
            "id": 50, 
            "operation": "CODE_INJECTION", 
            "required": false
        }, 
        {
            "action": "TERMINATE", 
            "application": {
                "type": "NAME_PATH", 
                "value": "**\\acro*.exe"
            }, 
            "id": 51, 
            "operation": "POL_INVOKE_NOT_TRUSTED", 
            "required": false
        }, 
        {
            "action": "TERMINATE", 
            "application": {
                "type": "NAME_PATH", 
                "value": "**\\acro*.exe"
            }, 
            "id": 52, 
            "operation": "MEMORY_SCRAPE", 
            "required": false
        }, 
        {
            "action": "TERMINATE", 
            "application": {
                "type": "NAME_PATH", 
                "value": "**\\chrome.exe"
            }, 
            "id": 53, 
            "operation": "RUN_INMEMORY_CODE", 
            "required": false
        }, 
        {
            "action": "TERMINATE", 
            "application": {
                "type": "NAME_PATH", 
                "value": "**\\chrome.exe"
            }, 
            "id": 55, 
            "operation": "CODE_INJECTION", 
            "required": false
        }, 
        {
            "action": "TERMINATE", 
            "application": {
                "type": "NAME_PATH", 
                "value": "**\\chrome.exe"
            }, 
            "id": 56, 
            "operation": "POL_INVOKE_NOT_TRUSTED", 
            "required": false
        }, 
        {
            "action": "TERMINATE", 
            "application": {
                "type": "NAME_PATH", 
                "value": "**\\chrome.exe"
            }, 
            "id": 57, 
            "operation": "MEMORY_SCRAPE", 
            "required": false
        }, 
        {
            "action": "TERMINATE", 
            "application": {
                "type": "NAME_PATH", 
                "value": "**\\cmd.exe"
            }, 
            "id": 58, 
            "operation": "NETWORK", 
            "required": false
        }, 
        {
            "action": "TERMINATE", 
            "application": {
                "type": "NAME_PATH", 
                "value": "**\\cscript.exe"
            }, 
            "id": 59, 
            "operation": "NETWORK", 
            "required": false
        }, 
        {
            "action": "TERMINATE", 
            "application": {
                "type": "NAME_PATH", 
                "value": "**\\cscript.exe"
            }, 
            "id": 60, 
            "operation": "RUN_INMEMORY_CODE", 
            "required": false
        }, 
        {
            "action": "TERMINATE", 
            "application": {
                "type": "NAME_PATH", 
                "value": "**\\cscript.exe"
            }, 
            "id": 62, 
            "operation": "CODE_INJECTION", 
            "required": false
        }, 
        {
            "action": "TERMINATE", 
            "application": {
                "type": "NAME_PATH", 
                "value": "**\\cscript.exe"
            }, 
            "id": 63, 
            "operation": "POL_INVOKE_NOT_TRUSTED", 
            "required": false
        }, 
        {
            "action": "TERMINATE", 
            "application": {
                "type": "NAME_PATH", 
                "value": "**\\cscript.exe"
            }, 
            "id": 64, 
            "operation": "MEMORY_SCRAPE", 
            "required": false
        }, 
        {
            "action": "TERMINATE", 
            "application": {
                "type": "NAME_PATH", 
                "value": "**\\excel.exe"
            }, 
            "id": 65, 
            "operation": "NETWORK", 
            "required": false
        }, 
        {
            "action": "TERMINATE", 
            "application": {
                "type": "NAME_PATH", 
                "value": "**\\excel.exe"
            }, 
            "id": 66, 
            "operation": "RUN_INMEMORY_CODE", 
            "required": false
        }, 
        {
            "action": "TERMINATE", 
            "application": {
                "type": "NAME_PATH", 
                "value": "**\\excel.exe"
            }, 
            "id": 68, 
            "operation": "CODE_INJECTION", 
            "required": false
        }, 
        {
            "action": "TERMINATE", 
            "application": {
                "type": "NAME_PATH", 
                "value": "**\\excel.exe"
            }, 
            "id": 69, 
            "operation": "POL_INVOKE_NOT_TRUSTED", 
            "required": false
        }, 
        {
            "action": "TERMINATE", 
            "application": {
                "type": "NAME_PATH", 
                "value": "**\\excel.exe"
            }, 
            "id": 70, 
            "operation": "MEMORY_SCRAPE", 
            "required": false
        }, 
        {
            "action": "TERMINATE", 
            "application": {
                "type": "NAME_PATH", 
                "value": "**\\firefox.exe"
            }, 
            "id": 71, 
            "operation": "RUN_INMEMORY_CODE", 
            "required": false
        }, 
        {
            "action": "TERMINATE", 
            "application": {
                "type": "NAME_PATH", 
                "value": "**\\firefox.exe"
            }, 
            "id": 73, 
            "operation": "CODE_INJECTION", 
            "required": false
        }, 
        {
            "action": "TERMINATE", 
            "application": {
                "type": "NAME_PATH", 
                "value": "**\\firefox.exe"
            }, 
            "id": 74, 
            "operation": "POL_INVOKE_NOT_TRUSTED", 
            "required": false
        }, 
        {
            "action": "TERMINATE", 
            "application": {
                "type": "NAME_PATH", 
                "value": "**\\firefox.exe"
            }, 
            "id": 75, 
            "operation": "MEMORY_SCRAPE", 
            "required": false
        }, 
        {
            "action": "TERMINATE", 
            "application": {
                "type": "NAME_PATH", 
                "value": "**\\flash\\**"
            }, 
            "id": 76, 
            "operation": "RUN_INMEMORY_CODE", 
            "required": false
        }, 
        {
            "action": "TERMINATE", 
            "application": {
                "type": "NAME_PATH", 
                "value": "**\\iexplore.exe"
            }, 
            "id": 78, 
            "operation": "RUN_INMEMORY_CODE", 
            "required": false
        }, 
        {
            "action": "TERMINATE", 
            "application": {
                "type": "NAME_PATH", 
                "value": "**\\iexplore.exe"
            }, 
            "id": 80, 
            "operation": "CODE_INJECTION", 
            "required": false
        }, 
        {
            "action": "TERMINATE", 
            "application": {
                "type": "NAME_PATH", 
                "value": "**\\iexplore.exe"
            }, 
            "id": 81, 
            "operation": "POL_INVOKE_NOT_TRUSTED", 
            "required": false
        }, 
        {
            "action": "TERMINATE", 
            "application": {
                "type": "NAME_PATH", 
                "value": "**\\iexplore.exe"
            }, 
            "id": 82, 
            "operation": "MEMORY_SCRAPE", 
            "required": false
        }, 
        {
            "action": "TERMINATE", 
            "application": {
                "type": "NAME_PATH", 
                "value": "**\\java*.exe"
            }, 
            "id": 83, 
            "operation": "NETWORK", 
            "required": false
        }, 
        {
            "action": "TERMINATE", 
            "application": {
                "type": "NAME_PATH", 
                "value": "**\\java*.exe"
            }, 
            "id": 84, 
            "operation": "RUN_INMEMORY_CODE", 
            "required": false
        }, 
        {
            "action": "TERMINATE", 
            "application": {
                "type": "NAME_PATH", 
                "value": "**\\java*.exe"
            }, 
            "id": 86, 
            "operation": "CODE_INJECTION", 
            "required": false
        }, 
        {
            "action": "TERMINATE", 
            "application": {
                "type": "NAME_PATH", 
                "value": "**\\java*.exe"
            }, 
            "id": 87, 
            "operation": "POL_INVOKE_NOT_TRUSTED", 
            "required": false
        }, 
        {
            "action": "TERMINATE", 
            "application": {
                "type": "NAME_PATH", 
                "value": "**\\java*.exe"
            }, 
            "id": 88, 
            "operation": "MEMORY_SCRAPE", 
            "required": false
        }, 
        {
            "action": "TERMINATE", 
            "application": {
                "type": "NAME_PATH", 
                "value": "**\\java\\**"
            }, 
            "id": 89, 
            "operation": "NETWORK", 
            "required": false
        }, 
        {
            "action": "TERMINATE", 
            "application": {
                "type": "NAME_PATH", 
                "value": "**\\java\\**"
            }, 
            "id": 90, 
            "operation": "RUN_INMEMORY_CODE", 
            "required": false
        }, 
        {
            "action": "TERMINATE", 
            "application": {
                "type": "NAME_PATH", 
                "value": "**\\java\\**"
            }, 
            "id": 92, 
            "operation": "CODE_INJECTION", 
            "required": false
        }, 
        {
            "action": "TERMINATE", 
            "application": {
                "type": "NAME_PATH", 
                "value": "**\\java\\**"
            }, 
            "id": 93, 
            "operation": "POL_INVOKE_NOT_TRUSTED", 
            "required": false
        }, 
        {
            "action": "TERMINATE", 
            "application": {
                "type": "NAME_PATH", 
                "value": "**\\java\\**"
            }, 
            "id": 94, 
            "operation": "MEMORY_SCRAPE", 
            "required": false
        }, 
        {
            "action": "TERMINATE", 
            "application": {
                "type": "NAME_PATH", 
                "value": "**\\MicrosoftEdge.exe"
            }, 
            "id": 95, 
            "operation": "RUN_INMEMORY_CODE", 
            "required": false
        }, 
        {
            "action": "TERMINATE", 
            "application": {
                "type": "NAME_PATH", 
                "value": "**\\MicrosoftEdge.exe"
            }, 
            "id": 97, 
            "operation": "CODE_INJECTION", 
            "required": false
        }, 
        {
            "action": "TERMINATE", 
            "application": {
                "type": "NAME_PATH", 
                "value": "**\\MicrosoftEdge.exe"
            }, 
            "id": 98, 
            "operation": "POL_INVOKE_NOT_TRUSTED", 
            "required": false
        }, 
        {
            "action": "TERMINATE", 
            "application": {
                "type": "NAME_PATH", 
                "value": "**\\MicrosoftEdge.exe"
            }, 
            "id": 99, 
            "operation": "MEMORY_SCRAPE", 
            "required": false
        }, 
        {
            "action": "TERMINATE", 
            "application": {
                "type": "NAME_PATH", 
                "value": "**\\msbuild.exe"
            }, 
            "id": 100, 
            "operation": "NETWORK", 
            "required": false
        }, 
        {
            "action": "TERMINATE", 
            "application": {
                "type": "NAME_PATH", 
                "value": "**\\msbuild.exe"
            }, 
            "id": 101, 
            "operation": "RUN_INMEMORY_CODE", 
            "required": false
        }, 
        {
            "action": "TERMINATE", 
            "application": {
                "type": "NAME_PATH", 
                "value": "**\\msbuild.exe"
            }, 
            "id": 103, 
            "operation": "CODE_INJECTION", 
            "required": false
        }, 
        {
            "action": "TERMINATE", 
            "application": {
                "type": "NAME_PATH", 
                "value": "**\\msbuild.exe"
            }, 
            "id": 104, 
            "operation": "POL_INVOKE_NOT_TRUSTED", 
            "required": false
        }, 
        {
            "action": "TERMINATE", 
            "application": {
                "type": "NAME_PATH", 
                "value": "**\\msbuild.exe"
            }, 
            "id": 105, 
            "operation": "MEMORY_SCRAPE", 
            "required": false
        }, 
        {
            "action": "TERMINATE", 
            "application": {
                "type": "NAME_PATH", 
                "value": "**\\mshta.exe"
            }, 
            "id": 106, 
            "operation": "NETWORK", 
            "required": false
        }, 
        {
            "action": "TERMINATE", 
            "application": {
                "type": "NAME_PATH", 
                "value": "**\\mshta.exe"
            }, 
            "id": 107, 
            "operation": "RUN_INMEMORY_CODE", 
            "required": false
        }, 
        {
            "action": "TERMINATE", 
            "application": {
                "type": "NAME_PATH", 
                "value": "**\\mshta.exe"
            }, 
            "id": 109, 
            "operation": "CODE_INJECTION", 
            "required": false
        }, 
        {
            "action": "TERMINATE", 
            "application": {
                "type": "NAME_PATH", 
                "value": "**\\mshta.exe"
            }, 
            "id": 110, 
            "operation": "POL_INVOKE_NOT_TRUSTED", 
            "required": false
        }, 
        {
            "action": "TERMINATE", 
            "application": {
                "type": "NAME_PATH", 
                "value": "**\\mshta.exe"
            }, 
            "id": 111, 
            "operation": "MEMORY_SCRAPE", 
            "required": false
        }, 
        {
            "action": "TERMINATE", 
            "application": {
                "type": "NAME_PATH", 
                "value": "**\\perl.exe"
            }, 
            "id": 112, 
            "operation": "NETWORK", 
            "required": false
        }, 
        {
            "action": "TERMINATE", 
            "application": {
                "type": "NAME_PATH", 
                "value": "**\\perl.exe"
            }, 
            "id": 113, 
            "operation": "RUN_INMEMORY_CODE", 
            "required": false
        }, 
        {
            "action": "TERMINATE", 
            "application": {
                "type": "NAME_PATH", 
                "value": "**\\perl.exe"
            }, 
            "id": 115, 
            "operation": "CODE_INJECTION", 
            "required": false
        }, 
        {
            "action": "TERMINATE", 
            "application": {
                "type": "NAME_PATH", 
                "value": "**\\perl.exe"
            }, 
            "id": 116, 
            "operation": "POL_INVOKE_NOT_TRUSTED", 
            "required": false
        }, 
        {
            "action": "TERMINATE", 
            "application": {
                "type": "NAME_PATH", 
                "value": "**\\perl.exe"
            }, 
            "id": 117, 
            "operation": "MEMORY_SCRAPE", 
            "required": false
        }, 
        {
            "action": "TERMINATE", 
            "application": {
                "type": "NAME_PATH", 
                "value": "**\\powerpnt.exe"
            }, 
            "id": 118, 
            "operation": "NETWORK", 
            "required": false
        }, 
        {
            "action": "TERMINATE", 
            "application": {
                "type": "NAME_PATH", 
                "value": "**\\powerpnt.exe"
            }, 
            "id": 119, 
            "operation": "RUN_INMEMORY_CODE", 
            "required": false
        }, 
        {
            "action": "TERMINATE", 
            "application": {
                "type": "NAME_PATH", 
                "value": "**\\powerpnt.exe"
            }, 
            "id": 121, 
            "operation": "CODE_INJECTION", 
            "required": false
        }, 
        {
            "action": "TERMINATE", 
            "application": {
                "type": "NAME_PATH", 
                "value": "**\\powerpnt.exe"
            }, 
            "id": 122, 
            "operation": "POL_INVOKE_NOT_TRUSTED", 
            "required": false
        }, 
        {
            "action": "TERMINATE", 
            "application": {
                "type": "NAME_PATH", 
                "value": "**\\powerpnt.exe"
            }, 
            "id": 123, 
            "operation": "MEMORY_SCRAPE", 
            "required": false
        }, 
        {
            "action": "TERMINATE", 
            "application": {
                "type": "NAME_PATH", 
                "value": "**\\powershell.exe"
            }, 
            "id": 124, 
            "operation": "NETWORK", 
            "required": false
        }, 
        {
            "action": "TERMINATE", 
            "application": {
                "type": "NAME_PATH", 
                "value": "**\\powershell.exe"
            }, 
            "id": 125, 
            "operation": "RUN_INMEMORY_CODE", 
            "required": false
        }, 
        {
            "action": "TERMINATE", 
            "application": {
                "type": "NAME_PATH", 
                "value": "**\\powershell.exe"
            }, 
            "id": 127, 
            "operation": "CODE_INJECTION", 
            "required": false
        }, 
        {
            "action": "TERMINATE", 
            "application": {
                "type": "NAME_PATH", 
                "value": "**\\powershell.exe"
            }, 
            "id": 128, 
            "operation": "POL_INVOKE_NOT_TRUSTED", 
            "required": false
        }, 
        {
            "action": "TERMINATE", 
            "application": {
                "type": "NAME_PATH", 
                "value": "**\\powershell.exe"
            }, 
            "id": 129, 
            "operation": "MEMORY_SCRAPE", 
            "required": false
        }, 
        {
            "action": "TERMINATE", 
            "application": {
                "type": "NAME_PATH", 
                "value": "**\\python.exe"
            }, 
            "id": 130, 
            "operation": "NETWORK", 
            "required": false
        }, 
        {
            "action": "TERMINATE", 
            "application": {
                "type": "NAME_PATH", 
                "value": "**\\python.exe"
            }, 
            "id": 131, 
            "operation": "RUN_INMEMORY_CODE", 
            "required": false
        }, 
        {
            "action": "TERMINATE", 
            "application": {
                "type": "NAME_PATH", 
                "value": "**\\python.exe"
            }, 
            "id": 133, 
            "operation": "CODE_INJECTION", 
            "required": false
        }, 
        {
            "action": "TERMINATE", 
            "application": {
                "type": "NAME_PATH", 
                "value": "**\\python.exe"
            }, 
            "id": 134, 
            "operation": "POL_INVOKE_NOT_TRUSTED", 
            "required": false
        }, 
        {
            "action": "TERMINATE", 
            "application": {
                "type": "NAME_PATH", 
                "value": "**\\python.exe"
            }, 
            "id": 135, 
            "operation": "MEMORY_SCRAPE", 
            "required": false
        }, 
        {
            "action": "TERMINATE", 
            "application": {
                "type": "NAME_PATH", 
                "value": "**\\ruby.exe"
            }, 
            "id": 136, 
            "operation": "NETWORK", 
            "required": false
        }, 
        {
            "action": "TERMINATE", 
            "application": {
                "type": "NAME_PATH", 
                "value": "**\\ruby.exe"
            }, 
            "id": 137, 
            "operation": "RUN_INMEMORY_CODE", 
            "required": false
        }, 
        {
            "action": "TERMINATE", 
            "application": {
                "type": "NAME_PATH", 
                "value": "**\\ruby.exe"
            }, 
            "id": 139, 
            "operation": "CODE_INJECTION", 
            "required": false
        }, 
        {
            "action": "TERMINATE", 
            "application": {
                "type": "NAME_PATH", 
                "value": "**\\ruby.exe"
            }, 
            "id": 140, 
            "operation": "POL_INVOKE_NOT_TRUSTED", 
            "required": false
        }, 
        {
            "action": "TERMINATE", 
            "application": {
                "type": "NAME_PATH", 
                "value": "**\\ruby.exe"
            }, 
            "id": 141, 
            "operation": "MEMORY_SCRAPE", 
            "required": false
        }, 
        {
            "action": "TERMINATE", 
            "application": {
                "type": "NAME_PATH", 
                "value": "**\\winword.exe"
            }, 
            "id": 142, 
            "operation": "NETWORK", 
            "required": false
        }, 
        {
            "action": "TERMINATE", 
            "application": {
                "type": "NAME_PATH", 
                "value": "**\\winword.exe"
            }, 
            "id": 143, 
            "operation": "RUN_INMEMORY_CODE", 
            "required": false
        }, 
        {
            "action": "TERMINATE", 
            "application": {
                "type": "NAME_PATH", 
                "value": "**\\winword.exe"
            }, 
            "id": 145, 
            "operation": "CODE_INJECTION", 
            "required": false
        }, 
        {
            "action": "TERMINATE", 
            "application": {
                "type": "NAME_PATH", 
                "value": "**\\winword.exe"
            }, 
            "id": 146, 
            "operation": "POL_INVOKE_NOT_TRUSTED", 
            "required": false
        }, 
        {
            "action": "TERMINATE", 
            "application": {
                "type": "NAME_PATH", 
                "value": "**\\winword.exe"
            }, 
            "id": 147, 
            "operation": "MEMORY_SCRAPE", 
            "required": false
        }, 
        {
            "action": "TERMINATE", 
            "application": {
                "type": "NAME_PATH", 
                "value": "**\\wscript.exe"
            }, 
            "id": 148, 
            "operation": "NETWORK", 
            "required": false
        }, 
        {
            "action": "TERMINATE", 
            "application": {
                "type": "NAME_PATH", 
                "value": "**\\wscript.exe"
            }, 
            "id": 149, 
            "operation": "CODE_INJECTION", 
            "required": false
        }, 
        {
            "action": "TERMINATE", 
            "application": {
                "type": "NAME_PATH", 
                "value": "**\\wscript.exe"
            }, 
            "id": 150, 
            "operation": "POL_INVOKE_NOT_TRUSTED", 
            "required": false
        }, 
        {
            "action": "TERMINATE", 
            "application": {
                "type": "NAME_PATH", 
                "value": "**\\wscript.exe"
            }, 
            "id": 151, 
            "operation": "MEMORY_SCRAPE", 
            "required": false
        }
    ], 
    "sensorAutoUpdateEnabled": true, 
    "sensorSettings": [
        {
            "name": "ALLOW_UNINSTALL", 
            "value": "true"
        }, 
        {
            "name": "ALLOW_UPLOADS", 
            "value": "false"
        }, 
        {
            "name": "SHOW_UI", 
            "value": "true"
        }, 
        {
            "name": "ENABLE_THREAT_SHARING", 
            "value": "true"
        }, 
        {
            "name": "QUARANTINE_DEVICE", 
            "value": "false"
        }, 
        {
            "name": "LOGGING_LEVEL", 
            "value": "NORMAL"
        }, 
        {
            "name": "QUARANTINE_DEVICE_MESSAGE", 
            "value": "Your device has been quarantined by your Cb Defense administrator."
        }, 
        {
            "name": "SET_SENSOR_MODE", 
            "value": "0"
        }, 
        {
            "name": "SENSOR_RESET", 
            "value": "0"
        }, 
        {
            "name": "BACKGROUND_SCAN", 
            "value": "true"
        }, 
        {
            "name": "POLICY_ACTION_OVERRIDE", 
            "value": "true"
        }, 
        {
            "name": "HELP_MESSAGE", 
            "value": ""
        }, 
        {
            "name": "PRESERVE_SYSTEM_MEMORY_SCAN", 
            "value": "false"
        }, 
        {
            "name": "HASH_MD5", 
            "value": "false"
        }, 
        {
            "name": "SCAN_LARGE_FILE_READ", 
            "value": "false"
        }, 
        {
            "name": "SCAN_EXECUTE_ON_NETWORK_DRIVE", 
            "value": "false"
        }, 
        {
            "name": "DELAY_EXECUTE", 
            "value": "true"
        }, 
        {
            "name": "SCAN_NETWORK_DRIVE", 
            "value": "false"
        }, 
        {
            "name": "BYPASS_AFTER_LOGIN_MINS", 
            "value": "0"
        }, 
        {
            "name": "BYPASS_AFTER_RESTART_MINS", 
            "value": "0"
        }, 
        {
            "name": "RATE_LIMIT", 
            "value": "0"
        }, 
        {
            "name": "CONNECTION_LIMIT", 
            "value": "0"
        }, 
        {
            "name": "QUEUE_SIZE", 
            "value": "100"
        }, 
        {
            "name": "LEARNING_MODE", 
            "value": "0"
        }, 
        {
            "name": "SHOW_FULL_UI", 
            "value": "true"
        }
    ], 
    "updateVersion": 0
}